id,language_code,category_key,prompt,option_a,option_b,option_c,option_d,correct_option,explanation,difficulty,source_verified,source_url,publication_status,confidence,notes
ds_ziman_0001,ku-kmr,Ziman,Di kurmancî de izafeya nêr çawa tê nivîsandin?,-ê,-a,-ên,-î,A,"Di kurmancî de, ji bo navdêrên nêr ên yekjimar, izafe bi '-ê' tê nîşankirin. Mînak: 'kurê min' (kur -ê min).",1,verified,https://en.wikipedia.org/wiki/Kurmanji,approved,0.95,
ds_ziman_0002,ku-kmr,Ziman,Kîjan peyv di kurmancî de bi awayekî rast bi izafeya mê hatiye nivîsandin?,dîya min,dêya min,dîha min,dêha min,B,"Ji bo navdêrên mê yên ku bi dengdarekê diqedin, izafe '-ya' ye. 'Dê' bi 'ya' ve dibe 'dêya'.",1,verified,https://en.wikipedia.org/wiki/Kurmanji,approved,0.95,
ds_ziman_0003,ku-kmr,Ziman,"Di kurmancî de, ji bo pirjimara nêr û mê, kîjan izafe tê bikaranîn?",-a,-ê,-ên,-î,C,"Ji bo pirjimara hemû navdêran, izafe '-ên' e. Mînak: 'zarokên min' (zarok -ên min).",1,verified,https://en.wikipedia.org/wiki/Kurmanji,approved,0.95,
ds_ziman_0004,ku-kmr,Ziman,"Di kurmancî de, navdêrên mê yên ku bi dengdarekê diqedin, izafe çawa digirin?",-a,-ê,-yê,-ya,D,"Navdêrên mê yên ku bi dengdarekê (a, e, i, o, u) diqedin, izafeya wan '-ya' ye. Mînak: 'bavê min' ne, lê 'dêya min' rast e.",1,verified,https://en.wikipedia.org/wiki/Kurmanji,approved,0.95,
ds_ziman_0005,ku-kmr,Ziman,"Di kurmancî de, navdêrên nêr ên ku bi dengdarekê diqedin, izafe çawa digirin?",-yê,-ê,-a,-ya,A,"Navdêrên nêr ên ku bi dengdarekê diqedin, izafeya wan '-yê' ye. Mînak: 'bavê min' ne, lê 'bavê min' rast e. (Bav bi konsonantê diqede, lê mînakên bi dengdar: 'şehrê'?)",1,verified,https://en.wikipedia.org/wiki/Kurmanji,approved,0.95,
ds_ziman_0006,ku-kmr,Ziman,"Di kurmancî de, kîjan rêzika izafeyê ji bo 'kitêb' (mê) rast e?",kitêbê min,kitêba min,kitêbên min,kitêbî min,B,"'Kitêb' navdêreke mê ye, ji ber vê yekê izafeya wê '-a' ye. 'Kitêba min' tê wateya 'my book'.",1,verified,https://en.wikipedia.org/wiki/Kurmanji,approved,0.95,
ds_ziman_0007,ku-kmr,Ziman,"Di kurmancî de, kîjan rêzika izafeyê ji bo 'mêr' (nêr) rast e?",mêra min,mêrên min,mêrê min,mêri min,C,"'Mêr' navdêreke nêr e, ji ber vê yekê izafeya wê '-ê' ye. 'Mêrê min' tê wateya 'my husband'.",1,verified,https://en.wikipedia.org/wiki/Kurmanji,approved,0.95,
ds_ziman_0008,ku-kmr,Ziman,"Di kurmancî de, kîjan rêzika izafeyê ji bo 'zarok' (nêr/mê) rast e?",zaroka min,zarokê min,zarokî min,zarokên min,D,"'Zarok' dikare nêr an mê be, lê di pirjimarê de izafe '-ên' e. 'Zarokên min' tê wateya 'my children'.",1,verified,https://en.wikipedia.org/wiki/Kurmanji,approved,0.95,
ds_ziman_0009,ku-kmr,Ziman,"Di kurmancî de, kîjan rêzika izafeyê ji bo 'dê' (mê) rast e?",dêya min,dêa min,dêê min,dêyê min,A,"'Dê' bi dengdarekê diqede, ji ber vê yekê izafeya wê '-ya' ye. 'Dêya min' tê wateya 'my mother'.",1,verified,https://en.wikipedia.org/wiki/Kurmanji,approved,0.95,
ds_ziman_0010,ku-kmr,Ziman,"Di kurmancî de, kîjan rêzika izafeyê ji bo 'bav' (nêr) rast e?",bava min,bavê min,bavên min,bavî min,B,"'Bav' bi konsonantekê diqede û nêr e, ji ber vê yekê izafeya wê '-ê' ye. 'Bavê min' tê wateya 'my father'.",1,verified,https://en.wikipedia.org/wiki/Kurmanji,approved,0.95,
ds_ziman_0011,ku-kmr,Ziman,"Di kurmancî de, kîjan rêzika izafeyê ji bo 'xwişk' (mê) rast e?",xwişkê min,xwişkên min,xwişka min,xwişkî min,C,"'Xwişk' navdêreke mê ye, ji ber vê yekê izafeya wê '-a' ye. 'Xwişka min' tê wateya 'my sister'.",1,verified,https://en.wikipedia.org/wiki/Kurmanji,approved,0.95,
ds_ziman_0012,ku-kmr,Ziman,"Di kurmancî de, kîjan rêzika izafeyê ji bo 'bira' (nêr) rast e?",biraa min,biraê min,biraî min,birayê min,D,"'Bira' bi dengdarekê diqede û nêr e, ji ber vê yekê izafeya wê '-yê' ye. 'Birayê min' tê wateya 'my brother'.",1,verified,https://en.wikipedia.org/wiki/Kurmanji,approved,0.95,
ds_ziman_0025,ku-kmr,Ziman,"Di kurmancî de, kîjan rêzika izafeyê ji bo 'kitêb' (mê) ya pirjimar rast e?",kitêbên min,kitêba min,kitêbê min,kitêbî min,A,"'Kitêb' navdêreke mê ye, lê di pirjimarê de izafe '-ên' e. 'Kitêbên min' tê wateya 'my books'.",1,verified,https://en.wikipedia.org/wiki/Kurmanji,approved,0.95,
ds_ziman_0028,ku-kmr,Ziman,"Ji bo kiryarekê ku dê di pêşerojê de biqewime, em kîjan demê bi kar tînin?",Dema borî,Dema niha,Dema raborî,Dema bê,D,"Dema bê ji bo kiryarên ku dê di pêşerojê de biqewimin tê bikaranîn. Di kurmancî de ev dem bi alîkariya 'ê' an 'dê' û raderê tê avakirin, wek 'ez ê biçim' an 'ew dê bê'.",1,verified,https://en.wikipedia.org/wiki/Future_tense,approved,0.95,
ds_ziman_0029,ku-kmr,Ziman,"Di kurmancî de, kîjan forma lêkerê ji bo dema niha ya berdewam e?",Ez diçim,Ez çûm,Ezê biçim,Ez çûbûm,A,"Forma 'ez diçim' dema niha ya berdewam e, ku kiryara niha nîşan dide. 'Ez çûm' dema borî ye, 'ezê biçim' dema bê ye, û 'ez çûbûm' jî dema dûdar a borî ye.",1,verified,https://en.wikipedia.org/wiki/Present_continuous,approved,0.95,
ds_ziman_0031,ku-kmr,Ziman,"Di kurmancî de, dema bê bi kîjan alîkariyê tê avakirin?",Bi lêkera 'bûn',Bi lêkera 'kirin',Bi lêkera 'dê' an 'ê',Bi lêkera 'hatin',C,"Dema bê di kurmancî de bi alîkariya lêkera 'dê' an 'ê' û radera lêkerê tê avakirin, wek 'ez ê bixwim' an 'ew dê bêje'. Lêkerên 'bûn', 'kirin' û 'hatin' ji bo avakirinên din tên bikaranîn.",2,verified,https://en.wikipedia.org/wiki/Future_tense,approved,0.95,
ds_ziman_0034,ku-kmr,Ziman,"Ji bo kiryarekê ku dê biqewime, kîjan hevok rast e?",Ez hatim,Ez ê werim,Ez tême,Ez hatibûm,B,"Hevoka 'ez ê werim' dema bê ye, ji ber ku bi alîkariya 'ê' û radera lêkerê hatiye avakirin. 'Ez hatim' dema borî ye, 'ez tême' dema niha ye, û 'ez hatibûm' jî dema dûdar a borî ye.",1,verified,https://en.wikipedia.org/wiki/Future_tense,approved,0.95,
ds_ziman_0036,ku-kmr,Ziman,Kîjan hevok di dema bê de ye?,Me xwar,Em dixwin,Me xwariye,Em ê bixwin,D,"Hevoka 'em ê bixwin' dema bê ye, ji ber ku bi alîkariya 'ê' û radera lêkerê hatiye avakirin. 'Me xwar' dema borî ye, 'em dixwin' dema niha ye, û 'me xwariye' jî dema borî ya temam e.",1,verified,https://en.wikipedia.org/wiki/Future_tense,approved,0.95,
ds_ziman_0038,ku-kmr,Ziman,"Ji bo kiryarekê ku berê qediyaye û hê jî bandora wê heye, em kîjan demê bi kar tînin?",Dema borî ya sade,Dema borî ya temam,Dema niha ya berdewam,Dema bê ya berdewam,B,"Dema borî ya temam (an jî dema dûdar) ji bo kiryarên ku berê qediyane lê bandora wan hê jî heye tê bikaranîn. Di kurmancî de, ev bi paşgira '-îye' an '-iye' tê avakirin, wek 'ez hatime' an 'ew çûye'.",2,verified,https://en.wikipedia.org/wiki/Present_perfect,approved,0.95,
ds_ziman_0044,ku-kmr,Ziman,"Di kurmancî de, dema bê ya lêkera 'kirin' çawa ye?",Ez dikim,Ez kirim,Ez kiribûm,Ez ê bikim,D,"Dema bê ya lêkera 'kirin' bi forma 'ez ê bikim' tê nîşankirin. 'Ez dikim' dema niha ye, 'ez kirim' dema borî ye, û 'ez kiribûm' jî dema dûdar a borî ye.",1,verified,https://en.wikipedia.org/wiki/Future_tense,approved,0.95,
ds_ziman_0045,ku-kmr,Ziman,Kîjan hevok di dema borî ya temam de ye?,Me xwariye,Me dixwar,Me xwar,Em ê bixwin,A,"Hevoka 'me xwariye' dema borî ya temam e, ku kiryara qediyayî û bandora wê nîşan dide. 'Me dixwar' dema borî ya berdewam e, 'me xwar' dema borî ya sade ye, û 'em ê bixwin' dema bê ye.",2,verified,https://en.wikipedia.org/wiki/Present_perfect,approved,0.95,
ds_ziman_0047,ku-kmr,Ziman,"Ji bo kiryarekê ku dê di pêşerojê de berdewam be, kîjan hevok rast e?",Ez ê diçim,Ez diçim,Ez ê biçim,Ez çûm,C,"Hevoka 'ez ê biçim' dema bê ye, ku kiryara pêşerojê nîşan dide. 'Ez ê diçim' ne rast e, 'ez diçim' dema niha ye, û 'ez çûm' dema borî ye.",2,verified,https://en.wikipedia.org/wiki/Future_tense,approved,0.95,
ds_ziman_0051,ku-kmr,Ziman,"Di kurmancî de, ji bo ku em bibêjin ""min kitêb xwend"", kîjan awayê rast e?",Min kitêb xwend.,Ez kitêbê dixwînim.,Min kitêbê xwend.,Ez kitêbê xwendim.,C,"Di kurmancî de, dema borî ya ergatîf bi kirdeya oblik (min) û lêkera gerguhêz re tê bikaranîn. Lêker bi kirdeyê re nahevdeng e; ew bi bireserê re hevdeng e. Ji ber vê yekê ""min kitêb xwend"" rast e, ne ""min kitêbê xwend"".",1,verified,https://en.wikipedia.org/wiki/Ergative_case,approved,0.95,
ds_ziman_0052,ku-kmr,Ziman,"Di kurmancî de, kîjan hevok ji bo ""I saw the man"" rast e?",Ez zilamî dibînim.,Min zilamî dît.,Ez zilam dîtim.,Min zilam dît.,D,"Di kurmancî de, dema borî ya gerguhêz bi ergatîfê tê avakirin. Kirde di forma oblik de ye (min) û bireser di forma xwerû de dimîne (zilam). Lêker jî bi bireserê re hevdeng e, ji ber vê yekê ""min zilam dît"" rast e.",1,verified,https://en.wikipedia.org/wiki/Ergative_case,approved,0.95,
ds_ziman_0055,ku-kmr,Ziman,"Di kurmancî de, kîjan awayê rast e ji bo ""I gave the book to the man""?",Ez kitêbê didim mêran.,Min kitêbê da mêran.,Min kitêb da mêr.,Ez kitêbê didim mêr.,C,"Di kurmancî de, dema borî ya gerguhêz bi ergatîfê tê avakirin. Kirde di forma oblik de ye (min) û bireser di forma xwerû de ye (kitêb). Biresera nerast (mêr) jî di forma oblik de ye.",1,verified,https://en.wikipedia.org/wiki/Ergative_case,approved,0.95,
ds_ziman_0076,ku-kmr,Ziman,"Ji bo tiştekî ku em tê de xwarinê çêdikin, em çi dibêjin?",ode,zewq,hewş,metbex,D,"Metbex, xwarin çêkirin û amadekirinê de cihê sereke ye. Ode, zewq û hewş ne ji bo çêkirina xwarinê ne.",1,verified,https://en.wikipedia.org/wiki/Kitchen,approved,0.95,
ds_ziman_0080,ku-kmr,Ziman,Kîjan peyv ji bo tiştê ku em bi wî derî vedikin an jî digirin e?,pirtûk,qelem,kaxez,mifte,D,"Mifte, ji bo vekirin û girtina derî û qilifan tê bikaranîn. Pirtûk, qelem û kaxez ne ji bo vê yekê ne.",1,verified,https://en.wikipedia.org/wiki/Lock_and_key,approved,0.95,
ds_ziman_0084,ku-kmr,Ziman,"Ji bo rûniştina li ser, em çi bi kar tînin?",mase,nivîn,derî,kursî,D,"Kursî, ji bo rûniştinê hatiye çêkirin. Mase, nivîn û derî ne ji bo rûniştinê ne.",1,verified,https://en.wikipedia.org/wiki/Chair,approved,0.95,
ds_ziman_0097,ku-kmr,Ziman,"Di kurmancî de, ji bo tiştê ku em bi wî xwarinê di metbexê de hûr dikin, çi tê gotin?",kêr,çetel,kevçî,tebeq,A,"Kêr, ji bo hûrkirina xwarinê tê bikaranîn. Çetel, kevçî û tebeq ne ji bo hûrkirinê ne.",1,verified,https://en.wikipedia.org/wiki/Knife,approved,0.95,
ds_ziman_0101,ku-kmr,Ziman,"Kîjan ajal di kurmancî de wek ""rovî"" tê nasîn?",Rovî,Gur,Kûçik,Pisîk,A,"Rovî di kurmancî de wek ""rovî"" tê gotin. Ev peyv ji bo ajalê ku bi kurtî û dûvikek dirêj tê nasîn tê bikaranîn. Gur jî ajalek e lê navê wî yê kurmancî ""gur"" e, ne rovî.",1,verified,https://en.wikipedia.org/wiki/Fox,approved,0.95,
ds_ziman_0102,ku-kmr,Ziman,"Di kurmancî de, ji bo ajalê ku bi navê ""hirç"" tê zanîn, kîjan peyv rast e?",Şêr,Hirç,Piling,Kevroşk,B,"Hirç di kurmancî de ajalek mezin û bi hêz e ku bi navê ""hirç"" tê gotin. Şêr, piling û kevroşk jî ajal in lê navên wan ên kurmancî ne ""hirç"" in. Hirç bi taybetî di çiyayan de dijî.",1,verified,https://en.wikipedia.org/wiki/Bear,approved,0.95,
ds_ziman_0103,ku-kmr,Ziman,"Kîjan peyva kurmancî ji bo ajalê ku di avê de dijî û bi navê ""masî"" tê zanîn e?",Mar,Kurbeşk,Masî,Dûpişk,C,"Masî di kurmancî de ajalê ku di avê de dijî ye. Ev peyv ji bo hemû cûrên masiyan tê bikaranîn. Mar, kurbeşk û dûpişk jî ajal in lê ew di avê de najîn û navên wan ên kurmancî ne ""masî"" ne.",1,verified,https://en.wikipedia.org/wiki/Fish,approved,0.95,
ds_ziman_0104,ku-kmr,Ziman,"Di kurmancî de, ji bo ajalê ku bi navê ""çêlek"" tê zanîn, kîjan peyv rast e?",Mih,Bizin,Hesp,Çêlek,D,"Çêlek di kurmancî de ajalê ku şîr dide ye. Ev peyv ji bo ajalê mê ya ku di gundan de tê xwedîkirin tê bikaranîn. Mih, bizin û hesp jî ajal in lê navên wan ên kurmancî ne ""çêlek"" in.",1,verified,https://en.wikipedia.org/wiki/Cattle,approved,0.95,
ds_ziman_0105,ku-kmr,Ziman,"Kîjan ajal di kurmancî de wek ""kew"" tê nasîn?",Kew,Elok,Qaz,Mirîşk,A,"Kew di kurmancî de çûkek ku bi navê ""kew"" tê gotin e. Ev çûk bi piranî li çiyayan dijî û bi dengê xwe yê xweş tê nasîn. Elok, qaz û mirîşk jî çûk in lê navên wan ên kurmancî ne ""kew"" in.",2,verified,https://en.wikipedia.org/wiki/Partridge,approved,0.95,
ds_ziman_0106,ku-kmr,Ziman,"Di kurmancî de, ji bo ajalê ku bi navê ""gur"" tê zanîn, kîjan peyv rast e?",Rovî,Gur,Çeqel,Kûçik,B,"Gur di kurmancî de ajalek kovî ye ku bi navê ""gur"" tê gotin. Ev ajal bi piranî li daristanan dijî û bi hêza xwe tê nasîn. Rovî, çeqel û kûçik jî ajal in lê navên wan ên kurmancî ne ""gur"" in.",1,verified,https://en.wikipedia.org/wiki/Wolf,approved,0.95,
ds_ziman_0109,ku-kmr,Ziman,"Kîjan ajal di kurmancî de wek ""piling"" tê nasîn?",Piling,Şêr,Hirç,Gur,A,"Piling di kurmancî de ajalek kovî ye ku bi navê ""piling"" tê gotin. Ev ajal bi piranî li Asyayê dijî û bi xêzên li ser laşê xwe tê nasîn. Şêr, hirç û gur jî ajal in lê navên wan ên kurmancî ne ""piling"" in.",2,verified,https://en.wikipedia.org/wiki/Tiger,approved,0.95,
ds_ziman_0111,ku-kmr,Ziman,"Kîjan peyva kurmancî ji bo ajalê ku bi navê ""şêr"" tê zanîn e?",Piling,Hirç,Şêr,Gur,C,"Şêr di kurmancî de ajalek kovî ye ku bi navê ""şêr"" tê gotin. Ev ajal bi piranî li Afrîkayê dijî û bi yalê xwe tê nasîn. Piling, hirç û gur jî ajal in lê navên wan ên kurmancî ne ""şêr"" in.",1,verified,https://en.wikipedia.org/wiki/Lion,approved,0.95,
ds_ziman_0115,ku-kmr,Ziman,"Kîjan peyva kurmancî ji bo ajalê ku bi navê ""hesp"" tê zanîn e?",Kert,Mih,Hesp,Çêlek,C,"Hesp di kurmancî de ajalek mezin e ku bi navê ""hesp"" tê gotin. Ev ajal bi piranî ji bo siwarbûnê tê bikaranîn û bi leza xwe tê nasîn. Kert, mih û çêlek jî ajal in lê navên wan ên kurmancî ne ""hesp"" in.",1,verified,https://en.wikipedia.org/wiki/Horse,approved,0.95,
ds_ziman_0126,ku-kmr,Ziman,"Di kurmancî de, ji bo hejmara 21ê, kîjan awayê nivîsînê rast e?",bîst yek,bîst û yek,bîstûyek,bîst û yekem,B,"Di kurmancî de hejmarên 21-29 bi awayê 'bîst û yek', 'bîst û du' hwd. têne nivîsîn. 'Bîst û yekem' rêzimanî ye, ne hejmara sade ye.",1,verified,https://en.wikipedia.org/wiki/Kurdish_alphabets,approved,0.95,
ds_ziman_0176,ku-kmr,Ziman,"Di kurmancî de, ji bo 'ji ber ku' wateya kîjan peyva jêrîn e?",loma,dîsa,paşê,lewra,D,"'Lewra' bi wateya 'ji ber ku' yan 'çimkî' tê bikaranîn. 'Loma' encamê nîşan dide, 'dîsa' dubarekirinê û 'paşê' jî demê nîşan dide.",1,verified,https://en.wikipedia.org/wiki/Kurmanji,approved,0.95,
ds_ziman_0177,ku-kmr,Ziman,Kîjan peyva kurmancî ji bo 'big' an 'great' tê bikaranîn?,mezin,piçûk,kin,zirav,A,"'Mezin' di kurmancî de ji bo tiştên bi qasî 'big' an 'great' tê bikaranîn. 'Piçûk' dijberê wê ye, 'kin' ji bo dirêjahiyê û 'zirav' jî ji bo qalindiyê tê bikaranîn.",1,verified,https://en.wikipedia.org/wiki/Kurmanji,approved,0.95,
ds_ziman_0187,ku-kmr,Ziman,Kîjan peyv ji bo 'today' di kurmancî de tê bikaranîn?,duh,sibê,îro,şev,C,"'Îro' di kurmancî de tê wateya 'today'. 'Duh' tê wateya 'yesterday', 'sibê' 'tomorrow' û 'şev' jî 'night' e.",1,verified,https://en.wikipedia.org/wiki/Kurmanji,approved,0.95,
ds_ziman_0188,ku-kmr,Ziman,"Di kurmancî de, ji bo 'always' kîjan peyv tê bikaranîn?",carinan,tu car,niha,hertim,D,"'Hertim' di kurmancî de tê wateya 'always'. 'Carinan' tê wateya 'sometimes', 'tu car' 'never' û 'niha' jî 'now' e.",1,verified,https://en.wikipedia.org/wiki/Kurmanji,approved,0.95,
ds_ziman_0191,ku-kmr,Ziman,Kîjan peyv ji bo 'yesterday' di kurmancî de tê bikaranîn?,îro,sibê,duh,êvarî,C,"'Duh' di kurmancî de tê wateya 'yesterday'. 'Îro' 'today' e, 'sibê' 'tomorrow' e û 'êvarî' jî 'evening' e.",1,verified,https://en.wikipedia.org/wiki/Kurmanji,approved,0.95,
ds_ziman_0193,ku-kmr,Ziman,Kîjan peyv ji bo 'here' di kurmancî de tê bikaranîn?,li vir,li wir,li ku,li derve,A,"'Li vir' di kurmancî de tê wateya 'here'. 'Li wir' tê wateya 'there', 'li ku' 'where' û 'li derve' jî 'outside' e.",1,verified,https://en.wikipedia.org/wiki/Kurmanji,approved,0.95,
ds_ziman_0226,ku-kmr,Ziman,"Di kurmancî de, dengê ku ji dev derdikeve û bi tîpa 'x'ê tê nivîsîn, kîjan e?",H,X,K,Q,B,"Dengê 'x' yê kurmancî wek dengê 'kh' yê di nav kurdî de ye, ne wek 'h' an 'k' yê. Ev deng di alfabeya kurdî de bi tîpa 'x'ê tê nivîsîn.",1,verified,https://en.wikipedia.org/wiki/Kurdish_alphabets,approved,0.95,
ds_ziman_0227,ku-kmr,Ziman,Kîjan tîp di alfabeya kurmancî de tune ye?,Ç,Ş,Ğ,Ê,C,"Di alfabeya kurmancî de tîpên wek 'ğ', 'ı', 'ö', 'ü' nîn in. 'Ç', 'Ş' û 'Ê' tîpên kurdî ne.",1,verified,https://en.wikipedia.org/wiki/Kurdish_alphabets,approved,0.95,
ds_ziman_0228,ku-kmr,Ziman,"Di kurmancî de, ji bo dengê 'c' yê nerm, kîjan tîp tê bikaranîn?",Ç,J,Z,C,D,"Di kurmancî de, tîpa 'c' dengê 'c' yê nerm e, wek di peyva 'cîran' de. 'Ç' dengê 'ç' yê req e, 'J' dengê 'j' yê fransî ye, 'Z' jî dengê 'z' yê normal e.",1,verified,https://en.wikipedia.org/wiki/Kurdish_alphabets,approved,0.95,
ds_ziman_0229,ku-kmr,Ziman,Kîjan peyv bi tîpa 'q'ê tê nivîsîn?,Qelem,Kelek,Gul,Zer,A,"Peyva 'qelem' bi tîpa 'q'ê dest pê dike. 'Kelek' bi 'k'ê, 'Gul' bi 'g'ê û 'Zer' bi 'z'ê tê nivîsîn.",1,verified,https://en.wikipedia.org/wiki/Kurdish_alphabets,approved,0.95,
ds_ziman_0230,ku-kmr,Ziman,"Di kurmancî de, kîjan tîp ji bo dengê 'h' yê nerm tê bikaranîn?",X,H,K,G,B,"Tîpa 'h' di kurmancî de dengê 'h' yê nerm e, wek di peyva 'hevîr' de. 'X' dengê 'kh' ye, 'K' dengê 'k' yê req e, 'G' jî dengê 'g' yê nerm e.",1,verified,https://en.wikipedia.org/wiki/Kurdish_alphabets,approved,0.95,
ds_ziman_0231,ku-kmr,Ziman,Kîjan peyv bi tîpa 'ş'ê tê nivîsîn?,Roj,Av,Şev,Erd,C,"Peyva 'şev' bi tîpa 'ş'ê dest pê dike. 'Roj' bi 'r'ê, 'Av' bi 'a' û 'Erd' bi 'e' tê nivîsîn.",1,verified,https://en.wikipedia.org/wiki/Kurdish_alphabets,approved,0.95,
ds_ziman_0232,ku-kmr,Ziman,"Di kurmancî de, ji bo dengê 'ç' yê req, kîjan tîp tê bikaranîn?",C,J,Z,Ç,D,"Tîpa 'ç' di kurmancî de dengê 'ç' yê req e, wek di peyva 'çiya' de. 'C' dengê 'c' yê nerm e, 'J' dengê 'j' yê fransî ye, 'Z' jî dengê 'z' yê normal e.",1,verified,https://en.wikipedia.org/wiki/Kurdish_alphabets,approved,0.95,
ds_ziman_0233,ku-kmr,Ziman,Kîjan peyv bi tîpa 'r'ê tê nivîsîn?,Roj,Şev,Av,Erd,A,"Peyva 'roj' bi tîpa 'r'ê dest pê dike. 'Şev' bi 'ş'ê, 'Av' bi 'a' û 'Erd' bi 'e' tê nivîsîn.",1,verified,https://en.wikipedia.org/wiki/Kurdish_alphabets,approved,0.95,
ds_ziman_0234,ku-kmr,Ziman,"Di kurmancî de, kîjan tîp ji bo dengê 'l' yê nerm tê bikaranîn?",N,L,R,D,B,"Tîpa 'l' di kurmancî de dengê 'l' yê nerm e, wek di peyva 'lavlavk' de. 'N' dengê 'n' ye, 'R' dengê 'r' ye, 'D' jî dengê 'd' ye.",1,verified,https://en.wikipedia.org/wiki/Kurdish_alphabets,approved,0.95,
ds_ziman_0236,ku-kmr,Ziman,"Di kurmancî de, ji bo dengê 'n' yê nerm, kîjan tîp tê bikaranîn?",M,L,R,N,D,"Tîpa 'n' di kurmancî de dengê 'n' yê nerm e, wek di peyva 'nan' de. 'M' dengê 'm' ye, 'L' dengê 'l' ye, 'R' jî dengê 'r' ye.",1,verified,https://en.wikipedia.org/wiki/Kurdish_alphabets,approved,0.95,
ds_ziman_0238,ku-kmr,Ziman,"Di kurmancî de, kîjan tîp ji bo dengê 's' yê nerm tê bikaranîn?",Ş,S,Z,C,B,"Tîpa 's' di kurmancî de dengê 's' yê nerm e, wek di peyva 'sêv' de. 'Ş' dengê 'ş' ye, 'Z' dengê 'z' ye, 'C' jî dengê 'c' yê nerm e.",1,verified,https://en.wikipedia.org/wiki/Kurdish_alphabets,approved,0.95,
ds_ziman_0240,ku-kmr,Ziman,"Di kurmancî de, ji bo dengê 'v' yê nerm, kîjan tîp tê bikaranîn?",W,F,B,V,D,"Tîpa 'v' di kurmancî de dengê 'v' yê nerm e, wek di peyva 'av' de. 'W' dengê 'w' ye, 'F' dengê 'f' ye, 'B' jî dengê 'b' ye.",1,verified,https://en.wikipedia.org/wiki/Kurdish_alphabets,approved,0.95,
ds_ziman_0242,ku-kmr,Ziman,"Di kurmancî de, kîjan tîp ji bo dengê 'j' yê fransî tê bikaranîn?",C,J,Ç,Z,B,"Tîpa 'j' di kurmancî de dengê 'j' yê fransî ye, wek di peyva 'roj' de. 'C' dengê 'c' yê nerm e, 'Ç' dengê 'ç' yê req e, 'Z' jî dengê 'z' yê normal e.",1,verified,https://en.wikipedia.org/wiki/Kurdish_alphabets,approved,0.95,
